date,PVkW,T
2016/05/19 
2016/05/19 
2016/05/19 
2016/05/19 
2016/05/19 
2016/05/19 
2016/05/19 
2016/05/19 
2016/05/19 
2016/05/19 
2016/05/19 
2016/05/19 
2016/05/19 
2016/05/19 
2016/05/19 
2016/05/19 
2016/05/19 
2016/05/19 
2016/05/19 
2016/05/19 
2016/05/19 
2016/05/19 
2016/05/19 
2016/05/19 
2016/05/20 
2016/05/20 
2016/05/20 
2016/05/20 
2016/05/20 
2016/05/20 
2016/05/20 
2016/05/20 
2016/05/20 
2016/05/20 
2016/05/20 
2016/05/20 
2016/05/20 
2016/05/20 
2016/05/20 
2016/05/20 
2016/05/20 
2016/05/20 
2016/05/20 
2016/05/20 
2016/05/20 
2016/05/20 
2016/05/20 
2016/05/20 
2016/05/21 
2016/05/21 
2016/05/21 
2016/05/21 
2016/05/21 
2016/05/21 
2016/05/21 
2016/05/21 
2016/05/21 
2016/05/21 
2016/05/21 
2016/05/21 
2016/05/21 
2016/05/21 
2016/05/21 
2016/05/21 
2016/05/21 
2016/05/21 
2016/05/21 
2016/05/21 
2016/05/21 
2016/05/21 
2016/05/21 
2016/05/21 
2016/05/22 
